INSERT INTO job_employee(job_employee_name)
VALUES
('Официант'),
('Бармен'),
('Администратор'),
('Хостас'),
('Директор');

INSERT INTO type_product(type_product_name)
VALUES
('Кухня'),
('Бар');

INSERT INTO employee(employee_last_name, employee_name, employee_second_name, job_employee_id, employee_phone, employee_email)
VALUES
('Фамилия', 'Имя', 'Отчество', 1, '+375297989196', 'mail@mail.ru');

INSERT INTO employee(employee_last_name, employee_name, employee_second_name, job_employee_id, employee_phone, employee_email)
VALUES
('Васильев', 'Андрей', 'Александрович', 1, '+375297989196', 'email@email.ru'),
('Алексеев', 'Михаил', 'Максимович', 2, '+375297989196', 'email@email.ru'),
('Иванов', 'Петр', 'Петрович', 1, '+375297989197', 'ivanov@example.com'),
('Петров', 'Игорь', 'Игоревич', 2, '+375297989198', 'petrov@example.com'),
('Сидоров', 'Алексей', 'Александрович', 3, '+375297989199', 'sidorov@example.com'),
('Козлов', 'Василий', 'Васильевич', 4, '+375297989200', 'kozlov@example.com'),
('Андреев', 'Юрий', 'Андреевич', 5, '+375297989201', 'andreev@example.com'),
('Николаев', 'Владимир', 'Владимирович', 1, '+375297989202', 'nikolaev@example.com'),
('Семёнов', 'Геннадий', 'Семенович', 2, '+375297989203', 'semenov@example.com'),
('Морозов', 'Дмитрий', 'Дмитриевич', 3, '+375297989204', 'morozov@example.com'),
('Романов', 'Олег', 'Олегович', 4, '+375297989205', 'romanov@example.com'),
('Поляков', 'Константин', 'Константинович', 5, '+375297989206', 'polyakov@example.com');

INSERT INTO employee_pass(employee_pass_num, employee_pass_issued_by, employee_pass_issue_date, employee_pass_expiry_date)
VALUES
('AB3452691', 'Минским РОВД города Минска', '2015-03-12', '2025-03-12'),
('AB3452692', 'Гомельским РОВД Гомельской области', '2016-05-15', '2026-05-15'),
('AB3452693', 'Брестским РОВД Брестской области', '2017-07-20', '2027-07-20'),
('AB3452694', 'Могилёвским РОВД Могилёвской области', '2018-09-25', '2028-09-25'),
('AB3452695', 'Витебским РОВД Витебской области', '2019-11-10', '2029-11-10'),
('AB3452696', 'Лидским РОВД Гродненской области', '2020-01-15', '2030-01-15'),
('AB3452697', 'Пинским РОВД Брестской области', '2020-03-22', '2030-03-22'),
('AB3452698', 'Оршанским РОВД Витебской области', '2020-05-30', '2030-05-30'),
('AB3452699', 'Кобринским РОВД Брестской области', '2020-08-12', '2030-08-12'),
('AB3452700', 'Слуцким РОВД Минской области', '2020-10-25', '2030-10-25'),
('AB3452701', 'Гродненским РОВД Гродненской области', '2020-12-10', '2030-12-10'),
('AB3452702', 'Жлобинским РОВД Гомельской области', '2021-02-14', '2031-02-14');

INSERT INTO status(status_name)
VALUES
('Свободен'),
('Зарезервирован'),
('Занят');
INSERT INTO product(product_name, type_product_id, product_price)
VALUES
('Сладкий круассан', 1, 5.80),
('Круассан с лососем', 1, 9.40),
('Круассан с курицей', 1, 7.10),
('Английский завтрак', 1, 14.70),
('Яйца Бенедикт с лососем', 1, 12.80),
('Сэндвич Крок Мадам', 1, 9.50),
('Яичница', 1, 8.10),
('Скрэмбл с лососем и гуакамоле', 1, 14.10),
('Блинчики с курицей и грибами', 1, 8.10),
('Блинчики с лососем и шпинатом', 1, 10.50),
('Овсяная каша с бананом', 1, 6.90),
('Шакшука', 1, 11.10),
('Ветчина', 1, 1.60),
('Колбаски', 1, 2.50),
('Бекон', 1, 2.40),
('Яйцо пашот', 1, 1.30),
('Хлеб Бриошь', 1, 0.90),
('Моцарелла', 1, 2.30),
('Пармезан', 1, 2.40),
('Рассольный сыр', 1, 1.20),
('Салями', 1, 1.90),
('Куриное филе', 1, 2.00),
('Ветчина', 1, 1.60),
('Кетчуп', 1, 0.90),
('Бургер со свининой и соусом Барбекю', 1, 16.80),
('Бургер с курицей и рукколой', 1, 16.10),
('Картофель фри', 1, 4.10),
('Картофельные дольки', 1, 4.00),
('Сырный соус', 1, 2.10),
('Аппетитная 22см', 1, 22.00),
('Аппетитная 27см', 1, 15.20),
('Аппетитная 34см', 1, 11.60),
('Сицилийская 22см', 1, 17.70),
('Сицилийская 27см', 1, 13.50),
('Сицилийская 34см', 1, 9.90),
('Римская 22см', 1, 20.30),
('Римская 27см', 1, 15.00),
('Римская 34см', 1, 11.00),
('Пикантная 22см', 1, 16.60),
('Пикантная 27см', 1, 12.10),
('Пикантная 34см', 1, 9.40),
('Пицца с курицей барбекю и опятами 22см', 1, 22.00),
('Пицца с курицей барбекю и опятами 27см', 1, 15.20),
('Пицца с курицей барбекю и опятами 34см', 1, 11.60),
('Чикен Барбекю 22см', 1, 18.60),
('Чикен Барбекю 27см', 1, 15.90),
('Чикен Барбекю 34см', 1, 10.70),
('Ромео 22см', 1, 21.20),
('Ромео 27см', 1, 15.20),
('Ромео 34см', 1, 11.70),
('Экстра 22см', 1, 24.10),
('Экстра 27см', 1, 20.00),
('Экстра 34см', 1, 11.10),
('Огненная 22см', 1, 29.40),
('Огненная 27см', 1, 22.40),
('Огненная 34см', 1, 15.50),
('Пина Калада', 2, 14.00),
('Голубая Логуна', 2, 13.50),
('Айс Латте', 2, 6.70),
('Пиво Белое золото 0.5l', 2, 5.40);

INSERT INTO cafe_table(table_seats)
VALUES
(4),(4),(4),(4),(4),(6),(6),(6),(6),(8),(8),(8),(8),(12),(12),(12),(12);

INSERT INTO product_status(product_status_name)
VALUES
('Готовиться'),
('Готов'),
('Забрано');

INSERT INTO active_order(table_id, employee_id)
VALUES
(1, 2),
(2, 3),
(3, 6),
(4, 7);

INSERT INTO list_order(order_id, product_id, product_quantity)
VALUES
(1, 1, 2),
(1, 5, 1),
(1, 8, 1),
(2, 17, 2),
(2, 3, 2),
(2, 1, 2),
(3, 18, 5),
(3, 21, 1),
(3, 2, 3),
(4, 9, 2),
(4, 1, 2),
(4, 16, 2);
